Suburb,Site_title,Site_streetaddress,Site_state,Site_postcode,Exposure_date_dtm,Exposure_date,Exposure_time,Notes,Added_date_dtm,Added_date,Added_time,Advice_title,Advice_instruction,Exposure_time_start_24,Exposure_time_end_24
Abbotsford,Dukes Gym Abbotsford,571-573 Victoria Street,VIC,3067,2021-05-24,24/05/2021,6:15pm - 8:15pm,Case attended venue,2021-05-26,26/05/2021,11:20 am,Tier 1 - Get tested immediately and quarantine for 14 days from exposure,Anyone who has visited this location during these times must get tested immediately and quarantine for 14 days from the exposure.,18:15:00,20:15:00
Axedale,Axedale Tavern,105 High Street,VIC,3551,2021-05-23,23/05/2021,11:45am - 1:30pm,Case attended function,2021-05-26,26/05/2021,12:46 am,Tier 1 - Get tested immediately and quarantine for 14 days from exposure,Anyone who has visited this location during these times must get tested immediately and quarantine for 14 days from the exposure.,11:45:00,13:30:00
Balwyn,"Endless Lifestyle Studio

","Shop 3/188 Whitehorse Road

",VIC,3103,2021-05-23,23/05/2021,9:45am - 12:40pm,Case attended venue,2021-05-26,26/05/2021,11:20 am,Tier 1 - Get tested immediately and quarantine for 14 days from exposure,Anyone who has visited this location during these times must get tested immediately and quarantine for 14 days from the exposure.,09:45:00,12:40:00
Bendigo,Hairfolk,33 Williamson Street,VIC,3550,2021-05-22,22/05/2021,9:40am - 10:10am,Case attended venue,2021-05-26,26/05/2021,12:46 am,Tier 2 - Get tested urgently and isolate until you have a negative result,"Anyone who has visited this location during these times is strongly encouraged to urgently get a test and isolate until they receive a negative result.
",09:40:00,10:10:00
Brunswick,Futsal Brunswick,409 Victoria Street,VIC,3056,2021-05-23,23/05/2021,9:00am - 10:00am,Case attended venue. The Department may provide you with specific advice depending on what activity you participated in at this exposure site.,2021-05-24,24/05/2021,9:09 pm,Tier 2 - Get tested urgently and isolate until you have a negative result,"Anyone who has visited this location during these times is strongly encouraged to urgently get a test and isolate until they receive a negative result.
",09:00:00,10:00:00
Bundoora,Jump! Swim Schools Bundoora,4/37 The Concord,VIC,3083,2021-05-21,21/05/2021,8:55am - 10:15am,Case attended venue,2021-05-24,24/05/2021,4:07 pm,Tier 1 - Get tested immediately and quarantine for 14 days from exposure,Anyone who has visited this location during these times must get tested immediately and quarantine for 14 days from the exposure.,08:55:00,10:15:00
Carlton,"RMIT Campus, Building 56","115 Queensberry Street

",VIC,3053,2021-05-21,21/05/2021,8:00am - 10:30am,Case attended Building 56,2021-05-26,26/05/2021,11:07 am,Tier 2 - Get tested urgently and isolate until you have a negative result,"Anyone who has visited this location during these times is strongly encouraged to urgently get a test and isolate until they receive a negative result.
",08:00:00,10:30:00
Clifton Hill,McDonald's Clifton Hill - Dine-in Only,199 Queens Parade,VIC,3068,2021-05-22,22/05/2021,6:00pm - 7:00pm,Case dined inside venue,2021-05-24,24/05/2021,12:50 pm,Tier 1 - Get tested immediately and quarantine for 14 days from exposure,Anyone who has visited this location during these times must get tested immediately and quarantine for 14 days from the exposure.,18:00:00,19:00:00
Coburg,BP Southvale,303 Bell Street,VIC,3058,2021-05-22,22/05/2021,8:10am - 8:30am,Case attended venue,2021-05-26,26/05/2021,12:46 am,Tier 2 - Get tested urgently and isolate until you have a negative result,"Anyone who has visited this location during these times is strongly encouraged to urgently get a test and isolate until they receive a negative result.
",08:10:00,08:30:00
Coburg,The Nicholson Coffee House,6/14-20 Nicholson Street,VIC,3058,2021-05-22,22/05/2021,12:00pm - 1:00pm,Case sat inside cafe,2021-05-26,26/05/2021,12:46 am,Tier 1 - Get tested immediately and quarantine for 14 days from exposure,Anyone who has visited this location during these times must get tested immediately and quarantine for 14 days from the exposure.,12:00:00,13:00:00
Epping,ALDI Epping,347-371 Dalton Road,VIC,3076,2021-05-23,23/05/2021,6:00pm - 7:30pm,Case attended venue,2021-05-24,24/05/2021,12:50 pm,Tier 2 - Get tested urgently and isolate until you have a negative result,"Anyone who has visited this location during these times is strongly encouraged to urgently get a test and isolate until they receive a negative result.
",18:00:00,19:30:00
Epping,"Chemist Depot Epping, Pacific Epping Shoping Centre",571-583 High Street,VIC,3076,2021-05-23,23/05/2021,11:15am - 12:00pm,Case attended venue,2021-05-24,24/05/2021,12:50 pm,Tier 2 - Get tested urgently and isolate until you have a negative result,"Anyone who has visited this location during these times is strongly encouraged to urgently get a test and isolate until they receive a negative result.
",11:15:00,12:00:00
Epping,Chemist Warehouse,"Shop 15, Dalton Village, 351-371 Dalton Road",VIC,3076,2021-05-19,19/05/2021,6:45pm - 8:00pm,Case attended venue,2021-05-25,25/05/2021,9:45 pm,Tier 2 - Get tested urgently and isolate until you have a negative result,"Anyone who has visited this location during these times is strongly encouraged to urgently get a test and isolate until they receive a negative result.
",18:45:00,20:00:00
Epping,Coles Epping,Shop Number Q002. Pacific Epping Cooper Street & High street,VIC,3076,2021-05-20,20/05/2021,6:45pm - 7:35pm,Case attended venue,2021-05-26,26/05/2021,12:46 am,Tier 1 - Get tested immediately and quarantine for 14 days from exposure,Anyone who has visited this location during these times must get tested immediately and quarantine for 14 days from the exposure.,18:45:00,19:35:00
Epping,Epping North Shopping Centre,2 Lyndarum Drive,VIC,3076,2021-05-22,22/05/2021,4:45pm - 5:50pm,Case attended venue,2021-05-24,24/05/2021,8:31 pm,Tier 2 - Get tested urgently and isolate until you have a negative result,"Anyone who has visited this location during these times is strongly encouraged to urgently get a test and isolate until they receive a negative result.
",16:45:00,17:50:00
Epping,House and Party (store),2 Lyndarum Drive,VIC,3076,2021-05-22,22/05/2021,5:15pm - 5:50pm,Case attended venue,2021-05-24,24/05/2021,8:47 pm,Tier 2 - Get tested urgently and isolate until you have a negative result,"Anyone who has visited this location during these times is strongly encouraged to urgently get a test and isolate until they receive a negative result.
",17:15:00,17:50:00
Epping,JMD Grocers & Sweets ,768 High Street,VIC,3076,2021-05-17,17/05/2021,10:30am - 1:00pm,Case attended venue,2021-05-24,24/05/2021,4:30 pm,Tier 1 - Get tested immediately and quarantine for 14 days from exposure,Anyone who has visited this location during these times must get tested immediately and quarantine for 14 days from the exposure.,10:30:00,13:00:00
Epping,Nando's Epping (Dalton Rd),"Shop 17 Dalton Village, 351-371 Dalton Road",VIC,3076,2021-05-19,19/05/2021,8:30pm - 9:20pm,Case attended venue,2021-05-24,24/05/2021,9:35 pm,Tier 1 - Get tested immediately and quarantine for 14 days from exposure,Anyone who has visited this location during these times must get tested immediately and quarantine for 14 days from the exposure.,20:30:00,21:20:00
Epping,The Furniture Trader,102-120 Cooper Street,VIC,3076,2021-05-18,18/05/2021,12:00pm - 12:50pm,Case attended venue,2021-05-24,24/05/2021,4:30 pm,Tier 1 - Get tested immediately and quarantine for 14 days from exposure,Anyone who has visited this location during these times must get tested immediately and quarantine for 14 days from the exposure.,12:00:00,12:50:00
Epping,"Urban Diner Food Court, Pacific Epping Shopping Centre",571-583 High Street,VIC,3076,2021-05-23,23/05/2021,1:15pm - 2:30pm,Case attended Urban Diner Food Court - inside location (not outside dining precinct with individual restaurants) ,2021-05-24,24/05/2021,9:05 pm,Tier 2 - Get tested urgently and isolate until you have a negative result,"Anyone who has visited this location during these times is strongly encouraged to urgently get a test and isolate until they receive a negative result.
",13:15:00,14:30:00
Epping,Woolworths Epping,Shop Number Q003. Pacific Epping Cooper Street & High street,VIC,3076,2021-05-20,20/05/2021,6:25pm - 7:15pm,Case attended venue,2021-05-26,26/05/2021,12:46 am,Tier 1 - Get tested immediately and quarantine for 14 days from exposure,Anyone who has visited this location during these times must get tested immediately and quarantine for 14 days from the exposure.,18:25:00,19:15:00
Epping,Woolworths Epping North,"Shop 13, 2 Lyndarum Drive",VIC,3076,2021-05-22,22/05/2021,4:45pm - 5:45pm,Case attended venue,2021-05-24,24/05/2021,4:19 pm,Tier 1 - Get tested immediately and quarantine for 14 days from exposure,Anyone who has visited this location during these times must get tested immediately and quarantine for 14 days from the exposure.,16:45:00,17:45:00
Fitzroy North,Secco and Co,414 Nicholson Street,VIC,3068,2021-05-22,22/05/2021,7:35pm - 8:55pm,Case attended party,2021-05-26,26/05/2021,12:46 am,Tier 1 - Get tested immediately and quarantine for 14 days from exposure,Anyone who has visited this location during these times must get tested immediately and quarantine for 14 days from the exposure.,19:35:00,20:55:00
Lalor,Deep Indian Supermarket,3/494 High Street,VIC,3075,2021-05-20,20/05/2021,7:00pm - 8:30pm,Case attended venue,2021-05-25,25/05/2021,9:45 pm,Tier 2 - Get tested urgently and isolate until you have a negative result,"Anyone who has visited this location during these times is strongly encouraged to urgently get a test and isolate until they receive a negative result.
",19:00:00,20:30:00
Lalor,Everfresh Fruit Market,346 Station Street,VIC,3075,2021-05-19,19/05/2021,12:00pm - 1:00pm,Case attended venue,2021-05-25,25/05/2021,9:45 pm,Tier 2 - Get tested urgently and isolate until you have a negative result,"Anyone who has visited this location during these times is strongly encouraged to urgently get a test and isolate until they receive a negative result.
",12:00:00,13:00:00
Lalor,Fruits of Lalor,328 Station Street,VIC,3075,2021-05-19,19/05/2021,12:00pm - 1:00pm,Case attended venue,2021-05-25,25/05/2021,9:45 pm,Tier 2 - Get tested urgently and isolate until you have a negative result,"Anyone who has visited this location during these times is strongly encouraged to urgently get a test and isolate until they receive a negative result.
",12:00:00,13:00:00
Lalor,No. 1 Fruit Market,37 May Road,VIC,3075,2021-05-19,19/05/2021,12:00pm - 1:00pm,Case attended venue,2021-05-25,25/05/2021,9:45 pm,Tier 2 - Get tested urgently and isolate until you have a negative result,"Anyone who has visited this location during these times is strongly encouraged to urgently get a test and isolate until they receive a negative result.
",12:00:00,13:00:00
Maribyrnong,"Highpoint Shopping Centre, all other areas on Levels 2 and 3 excluding specific shops listed as Tier 1 sites","Levels 2 & 3, 120-200 Rosamond Road",VIC,3032,2021-05-20,20/05/2021,5:15pm - 6:35pm,"Case attended venue. If you attended one of the shops listed as Tier 1 (Lush Cosmetics, Toyworld, Smiggle, Kidstuff, Ishka), see specific shop instructions",2021-05-24,24/05/2021,12:50 pm,Tier 2 - Get tested urgently and isolate until you have a negative result,"Anyone who has visited this location during these times is strongly encouraged to urgently get a test and isolate until they receive a negative result.
",17:15:00,18:35:00
Maribyrnong,"Ishka, Highpoint Shopping Centre","Level 2, 120-200 Rosamond Road",VIC,3032,2021-05-20,20/05/2021,5:45pm - 6:20pm,Case attended venue,2021-05-24,24/05/2021,12:50 pm,Tier 1 - Get tested immediately and quarantine for 14 days from exposure,Anyone who has visited this location during these times must get tested immediately and quarantine for 14 days from the exposure.,17:45:00,18:20:00
Maribyrnong,"Kidstuff, Highpoint Shopping Centre","Level 2, 120-200 Rosamond Road",VIC,3032,2021-05-20,20/05/2021,5:20pm - 5:55pm,Case attended venue,2021-05-24,24/05/2021,12:50 pm,Tier 1 - Get tested immediately and quarantine for 14 days from exposure,Anyone who has visited this location during these times must get tested immediately and quarantine for 14 days from the exposure.,17:20:00,17:55:00
Maribyrnong,"Lush Cosmetics, Highpoint Shopping Centre","Level 2, 120-200 Rosamond Road",VIC,3032,2021-05-20,20/05/2021,6:05pm - 6:35pm,Case attended venue,2021-05-24,24/05/2021,12:50 pm,Tier 1 - Get tested immediately and quarantine for 14 days from exposure,Anyone who has visited this location during these times must get tested immediately and quarantine for 14 days from the exposure.,18:05:00,18:35:00
Maribyrnong,"Smiggle, Highpoint Shopping Centre","Level 3, 120-200 Rosamond Road",VIC,3032,2021-05-20,20/05/2021,5:55pm - 6:30pm,Case attended venue,2021-05-24,24/05/2021,12:50 pm,Tier 1 - Get tested immediately and quarantine for 14 days from exposure,Anyone who has visited this location during these times must get tested immediately and quarantine for 14 days from the exposure.,17:55:00,18:30:00
Maribyrnong,"Toyworld, Highpoint Shopping Centre","Level 2, 120-200 Rosamond Road",VIC,3032,2021-05-20,20/05/2021,5:30pm - 6:20pm,Case attended venue,2021-05-24,24/05/2021,12:50 pm,Tier 1 - Get tested immediately and quarantine for 14 days from exposure,Anyone who has visited this location during these times must get tested immediately and quarantine for 14 days from the exposure.,17:30:00,18:20:00
Melbourne,Bamboo House,47 Little Bourke Street,VIC,3000,2021-05-21,21/05/2021,11:00am - 11:50am,Case attended venue,2021-05-24,24/05/2021,12:50 pm,Tier 1 - Get tested immediately and quarantine for 14 days from exposure,Anyone who has visited this location during these times must get tested immediately and quarantine for 14 days from the exposure.,11:00:00,11:50:00
Mill Park,Bunnings Warehouse,761 Plenty Road,VIC,3082,2021-05-20,20/05/2021,4:00pm - 6:30pm,Case attended venue,2021-05-25,25/05/2021,9:45 pm,Tier 2 - Get tested urgently and isolate until you have a negative result,"Anyone who has visited this location during these times is strongly encouraged to urgently get a test and isolate until they receive a negative result.
",16:00:00,18:30:00
Port Melbourne,Bay 101 Cafe,7/101 Bay Street,VIC,3207,2021-05-24,24/05/2021,7:30am - 8:20am,Case sat inside venue,2021-05-26,26/05/2021,12:46 am,Tier 1 - Get tested immediately and quarantine for 14 days from exposure,Anyone who has visited this location during these times must get tested immediately and quarantine for 14 days from the exposure.,07:30:00,08:20:00
Port Melbourne,"Port Park Cafe
",7/484 Graham St,VIC,3207,2021-05-24,24/05/2021,12:30pm - 1:00pm,Case attended venue,2021-05-26,26/05/2021,12:46 am,Tier 1 - Get tested immediately and quarantine for 14 days from exposure,Anyone who has visited this location during these times must get tested immediately and quarantine for 14 days from the exposure.,12:30:00,13:00:00
Port Melbourne,"The Local, Port Melbourne",22-24 Bay Street,VIC,3207,2021-05-21,21/05/2021,1:40pm - 3:30pm,Case dined inside venue,2021-05-26,26/05/2021,12:46 am,Tier 1 - Get tested immediately and quarantine for 14 days from exposure,Anyone who has visited this location during these times must get tested immediately and quarantine for 14 days from the exposure.,13:40:00,15:30:00
Prahran ,Somewhere Bar,181 Chapel Street,VIC,3181,2021-05-22,22/05/2021,10:30pm - 1:00am,Case attended venue,2021-05-26,26/05/2021,8:11 am,Tier 1 - Get tested immediately and quarantine for 14 days from exposure,Anyone who has visited this location during these times must get tested immediately and quarantine for 14 days from the exposure.,22:30:00,01:00:00
Prahran ,"Three Monkeys

",210 Chapel Street,VIC,3181,2021-05-22,22/05/2021,9:10pm - 11:00pm,Case attended venue,2021-05-26,26/05/2021,8:11 am,Tier 1 - Get tested immediately and quarantine for 14 days from exposure,Anyone who has visited this location during these times must get tested immediately and quarantine for 14 days from the exposure.,21:10:00,23:00:00
Prahran ,"Three Monkeys

",210 Chapel Street,VIC,3181,2021-05-23,23/05/2021,12:30am - 2:00am,Case attended venue,2021-05-26,26/05/2021,8:11 am,Tier 1 - Get tested immediately and quarantine for 14 days from exposure,Anyone who has visited this location during these times must get tested immediately and quarantine for 14 days from the exposure.,00:30:00,02:00:00
Preston,Adams Reserve Playground,Milton Crescent,VIC,3072,2021-05-23,23/05/2021,2:15pm - 3:45pm,Case attended venue,2021-05-24,24/05/2021,12:50 pm,Tier 2 - Get tested urgently and isolate until you have a negative result,"Anyone who has visited this location during these times is strongly encouraged to urgently get a test and isolate until they receive a negative result.
",14:15:00,15:45:00
Preston,ALDI Preston South,15 Dundas Street,VIC,3072,2021-05-23,23/05/2021,3:45pm - 4:25pm,Case attended venue,2021-05-24,24/05/2021,12:50 pm,Tier 2 - Get tested urgently and isolate until you have a negative result,"Anyone who has visited this location during these times is strongly encouraged to urgently get a test and isolate until they receive a negative result.
",15:45:00,16:25:00
Reservoir,B.T. Connor Reserve,200 Broadhurst Avenue,VIC,3073,2021-05-21,21/05/2021,8:00pm - 11:30pm,Case attended venue,2021-05-24,24/05/2021,8:32 pm,Tier 2 - Get tested urgently and isolate until you have a negative result,"Anyone who has visited this location during these times is strongly encouraged to urgently get a test and isolate until they receive a negative result.
",20:00:00,23:30:00
Reservoir,P & C Indian Grocery & Convenience Store ,246 Broadway,VIC,3073,2021-05-22,22/05/2021,6:00pm - 7:00pm,Case attended venue,2021-05-22,22/05/2021,11:32 pm,Tier 2 - Get tested urgently and isolate until you have a negative result,"Anyone who has visited this location during these times is strongly encouraged to urgently get a test and isolate until they receive a negative result.
",18:00:00,19:00:00
Reservoir,Shell Coles Express Reservoir,192-202 Broadway & Whitelaw Street,VIC,3073,2021-05-18,18/05/2021,3:15pm - 4:15pm,Case attended venue,2021-05-24,24/05/2021,8:31 pm,Tier 2 - Get tested urgently and isolate until you have a negative result,"Anyone who has visited this location during these times is strongly encouraged to urgently get a test and isolate until they receive a negative result.
",15:15:00,16:15:00
Richmond,"Melbourne Cricket Ground - Zone 4, Level 1",Brunton Avenue,VIC,3002,2021-05-23,23/05/2021,2:50pm - 6:30pm,Case attended venue,2021-05-26,26/05/2021,9:41 am,Tier 2 - Get tested urgently and isolate until you have a negative result,"Anyone who has visited this location during these times is strongly encouraged to urgently get a test and isolate until they receive a negative result.
",14:50:00,18:30:00
Richmond,"Melbourne Cricket Ground - All of the Stadium, other than Zone 4, Level 1 ",Brunton Avenue,VIC,3002,2021-05-23,23/05/2021,2:50pm - 6:30pm,Case attended venue,2021-05-26,26/05/2021,9:41 am,Tier 3 - Monitor for symptoms,"Anyone who has visited this location during these times should monitor for symptoms - If symptoms develop, immediately get tested and isolate until you receive a negative result.",14:50:00,18:30:00
South Yarra,Circus Bar,199 Commercial Road,VIC,3181,2021-05-23,23/05/2021,1:30am - 4:15am,Case attended venue,2021-05-26,26/05/2021,8:11 am,Tier 1 - Get tested immediately and quarantine for 14 days from exposure,Anyone who has visited this location during these times must get tested immediately and quarantine for 14 days from the exposure.,01:30:00,04:15:00
Thomastown,ACTROL (Retail Store- refrigerator and airconditioning parts),13-17 Brand Drive,VIC,3074,2021-05-17,17/05/2021,12:00pm - 1:30pm,Case attended venue,2021-05-25,25/05/2021,9:45 pm,Tier 2 - Get tested urgently and isolate until you have a negative result,"Anyone who has visited this location during these times is strongly encouraged to urgently get a test and isolate until they receive a negative result.
",12:00:00,13:30:00
Thomastown,White Line Automotive,2/28 Lipton Drive,VIC,3074,2021-05-20,20/05/2021,12:00pm - 1:30pm,Case attended venue,2021-05-24,24/05/2021,4:30 pm,Tier 2 - Get tested urgently and isolate until you have a negative result,"Anyone who has visited this location during these times is strongly encouraged to urgently get a test and isolate until they receive a negative result.
",12:00:00,13:30:00
Thornbury,Little Tienda,410 Station Street,VIC,3071,2021-05-22,22/05/2021,7:45am - 8:20am,Case attended venue,2021-05-26,26/05/2021,12:46 am,Tier 1 - Get tested immediately and quarantine for 14 days from exposure,Anyone who has visited this location during these times must get tested immediately and quarantine for 14 days from the exposure.,07:45:00,08:20:00
Reservoir,Doctors on Broadway,210A Broadway,VIC,3073,2021-05-18,18/05/2021,2:00pm - 3:45pm,Case attended venue,2021-05-26,26/05/2021,2:38 pm,Tier 1 - Get tested immediately and quarantine for 14 days from exposure,Anyone who has visited this location during these times must get tested immediately and quarantine for 14 days from the exposure.,14:00:00,15:45:00
Port Melbourne,Stratton Finance HQ,1/435 Williamstown Road,VIC,3207,2021-05-20,20/05/2021,12:00am - 11:59pm,Case attended venue,2021-05-26,26/05/2021,2:38 pm,Tier 1 - Get tested immediately and quarantine for 14 days from exposure,Anyone who has visited this location during these times must get tested immediately and quarantine for 14 days from the exposure.,00:00:00,23:59:00
Port Melbourne,Stratton Finance HQ,1/435 Williamstown Road,VIC,3207,2021-05-21,21/05/2021,12:00am - 11:59pm,Case attended venue,2021-05-26,26/05/2021,2:38 pm,Tier 1 - Get tested immediately and quarantine for 14 days from exposure,Anyone who has visited this location during these times must get tested immediately and quarantine for 14 days from the exposure.,00:00:00,23:59:00
Port Melbourne,Stratton Finance HQ,1/435 Williamstown Road,VIC,3207,2021-05-22,22/05/2021,12:00am - 11:59pm,Case attended venue,2021-05-26,26/05/2021,2:38 pm,Tier 1 - Get tested immediately and quarantine for 14 days from exposure,Anyone who has visited this location during these times must get tested immediately and quarantine for 14 days from the exposure.,00:00:00,23:59:00
Port Melbourne,Stratton Finance HQ,1/435 Williamstown Road,VIC,3207,2021-05-23,23/05/2021,12:00am - 11:59pm,Case attended venue,2021-05-26,26/05/2021,2:38 pm,Tier 1 - Get tested immediately and quarantine for 14 days from exposure,Anyone who has visited this location during these times must get tested immediately and quarantine for 14 days from the exposure.,00:00:00,23:59:00
Port Melbourne,Stratton Finance HQ,1/435 Williamstown Road,VIC,3207,2021-05-24,24/05/2021,12:00am - 11:59pm,Case attended venue,2021-05-26,26/05/2021,2:38 pm,Tier 1 - Get tested immediately and quarantine for 14 days from exposure,Anyone who has visited this location during these times must get tested immediately and quarantine for 14 days from the exposure.,00:00:00,23:59:00
Port Melbourne,Stratton Finance HQ,1/435 Williamstown Road,VIC,3207,2021-05-25,25/05/2021,12:00am - 11:59pm,Case attended venue,2021-05-26,26/05/2021,2:38 pm,Tier 1 - Get tested immediately and quarantine for 14 days from exposure,Anyone who has visited this location during these times must get tested immediately and quarantine for 14 days from the exposure.,00:00:00,23:59:00
Cohuna,"Cohuna Football and Netball Club, Cohuna Recreation Reserve ",Cohuna Island Road,VIC,3568,2021-05-22,22/05/2021,12:00pm - 5:00pm,"Case watched multiple netball games, visited canteen (inside) and used outdoor public toilets",2021-05-26,26/05/2021,4:56 pm,Tier 2 - Get tested urgently and isolate until you have a negative result,"Anyone who has visited this location during these times is strongly encouraged to urgently get a test and isolate until they receive a negative result.
",12:00:00,17:00:00
Brunswick,"Barkly Square: Priceline, Kmart, Woolworths, OPSM","Barkly Square Shopping Centre, 90-160 Sydney Rd",VIC,3056,2021-05-22,22/05/2021,1:15pm - 2:30pm,"Case attended venue, walked around the centre and into some shops with limited purchases",2021-05-26,26/05/2021,4:56 pm,Tier 2 - Get tested urgently and isolate until you have a negative result,"Anyone who has visited this location during these times is strongly encouraged to urgently get a test and isolate until they receive a negative result.
",13:15:00,14:30:00
Docklands,Marvel Stadium - (Level 1 Aisles 5-28 and Level 3 Aisles 6-29),740 Bourke St,VIC,3008,2021-05-23,23/05/2021,4:30pm - 7:30pm,Case attended facility ,2021-05-26,26/05/2021,6:08 pm,Tier 2 - Get tested urgently and isolate until you have a negative result,"Anyone who has visited this location during these times is strongly encouraged to urgently get a test and isolate until they receive a negative result.
",16:30:00,19:30:00
Docklands,Marvel Stadium - all other zones not individually listed ,740 Bourke St,VIC,3008,2021-05-23,23/05/2021,4:30pm - 7:30pm,Case attended venue ,2021-05-26,26/05/2021,6:08 pm,Tier 3 - Monitor for symptoms,"Anyone who has visited this location during these times should monitor for symptoms - If symptoms develop, immediately get tested and isolate until you receive a negative result.",16:30:00,19:30:00
Bundoora,Anytime Fitness,"Shop TG-01, Uni Hill Town Centre, 1-3 Janefield Drive",VIC,3083,2021-05-23,23/05/2021,3:40pm - 5:30pm,Case attended venue ,2021-05-26,26/05/2021,6:53 pm,Tier 1 - Get tested immediately and quarantine for 14 days from exposure,Anyone who has visited this location during these times must get tested immediately and quarantine for 14 days from the exposure.,15:40:00,17:30:00
Bundoora,Anytime Fitness,"Shop TG-01, Uni Hill Town Centre, 1-3 Janefield Drive",VIC,3083,2021-05-24,24/05/2021,4:50pm - 5:50pm,Case attended venue ,2021-05-26,26/05/2021,6:53 pm,Tier 1 - Get tested immediately and quarantine for 14 days from exposure,Anyone who has visited this location during these times must get tested immediately and quarantine for 14 days from the exposure.,16:50:00,17:50:00
Southbank,Criniti's Southbank,645 Freshwater Place,VIC,3006,2021-05-23,23/05/2021,6:00pm - 9:30pm,Case attended venue ,2021-05-26,26/05/2021,6:53 pm,Tier 1 - Get tested immediately and quarantine for 14 days from exposure,Anyone who has visited this location during these times must get tested immediately and quarantine for 14 days from the exposure.,18:00:00,21:30:00
South Melbourne,The Palace Hotel,505-507 City Road,VIC,3205,2021-05-21,21/05/2021,5:45pm - 6:45pm,Case attended venue,2021-05-26,26/05/2021,6:53 pm,Tier 1 - Get tested immediately and quarantine for 14 days from exposure,Anyone who has visited this location during these times must get tested immediately and quarantine for 14 days from the exposure.,17:45:00,18:45:00
Coburg,Ritchies IGA Pentridge,1 Champ Street,VIC,3058,2021-05-24,24/05/2021,6:45pm - 7:25pm,Case attended venue,2021-05-26,26/05/2021,6:53 pm,Tier 2 - Get tested urgently and isolate until you have a negative result,"Anyone who has visited this location during these times is strongly encouraged to urgently get a test and isolate until they receive a negative result.
",18:45:00,19:25:00
Port Melbourne,"The Local, Port Melbourne",22-24 Bay Street,VIC,3207,2021-05-21,21/05/2021,1:30pm - 3:30pm,Case dined inside venue,2021-05-26,26/05/2021,7:48 pm,Tier 1 - Get tested immediately and quarantine for 14 days from exposure,Anyone who has visited this location during these times must get tested immediately and quarantine for 14 days from the exposure.,13:30:00,15:30:00
Fairfield,7-Eleven Fairfield East,324 Station street,VIC,3078,2021-05-23,23/05/2021,7:45pm - 8:00pm,Case attended venue,2021-05-26,26/05/2021,7:56 pm,Tier 2 - Get tested urgently and isolate until you have a negative result,"Anyone who has visited this location during these times is strongly encouraged to urgently get a test and isolate until they receive a negative result.
",19:45:00,20:00:00
Coburg,IGA Coburg,12-20 Nicholson Street,VIC,3058,2021-05-22,22/05/2021,2:30pm - 2:50pm,Case attended venue,2021-05-26,26/05/2021,9:50 pm,Tier 2 - Get tested urgently and isolate until you have a negative result,"Anyone who has visited this location during these times is strongly encouraged to urgently get a test and isolate until they receive a negative result.
",14:30:00,14:50:00
Red Hill,Nordie Cafe,1008 Mornington-Flinders Road,VIC,3937,2021-05-22,22/05/2021,9:09am - 9:34am,Case attended venue,2021-05-26,26/05/2021,9:55 pm,Tier 1 - Get tested immediately and quarantine for 14 days from exposure,Anyone who has visited this location during these times must get tested immediately and quarantine for 14 days from the exposure.,09:09:00,09:34:00
Carnegie,Bicycle Superstore,1030 Dandenong Road,VIC,3163,2021-05-23,23/05/2021,3:33pm - 4:00pm,Case attended venue,2021-05-26,26/05/2021,9:55 pm,Tier 1 - Get tested immediately and quarantine for 14 days from exposure,Anyone who has visited this location during these times must get tested immediately and quarantine for 14 days from the exposure.,15:33:00,16:00:00
Parkville,Melbourne Swordcraft,"Ransford Oval, Park Street",VIC,3052,2021-05-21,21/05/2021,5:45pm - 10:30pm,Case attended venue,2021-05-26,26/05/2021,10:18 pm,Tier 1 - Get tested immediately and quarantine for 14 days from exposure,Anyone who has visited this location during these times must get tested immediately and quarantine for 14 days from the exposure.,17:45:00,22:30:00
Mordialloc,The Sporting Globe Mordialloc,590 Main Street,VIC,3195,2021-05-23,23/05/2021,6:17pm - 9:43pm,Case attended venue,2021-05-26,26/05/2021,10:24 pm,Tier 1 - Get tested immediately and quarantine for 14 days from exposure,Anyone who has visited this location during these times must get tested immediately and quarantine for 14 days from the exposure.,18:17:00,21:43:00
Burwood East,Burwood Teppanyaki House,145 Burwood Highway,VIC,3151,2021-05-22,22/05/2021,7:30pm - 9:40pm,Case attended venue,2021-05-26,26/05/2021,10:24 pm,Tier 1 - Get tested immediately and quarantine for 14 days from exposure,Anyone who has visited this location during these times must get tested immediately and quarantine for 14 days from the exposure.,19:30:00,21:40:00
Bayswater North,Mcdonalds Bayswater North,296 Canterbury Road,VIC,3153,2021-05-21,21/05/2021,11:00pm - 12:00am,Case dined in restaurant ,2021-05-26,26/05/2021,10:31 pm,Tier 1 - Get tested immediately and quarantine for 14 days from exposure,Anyone who has visited this location during these times must get tested immediately and quarantine for 14 days from the exposure.,23:00:00,00:00:00
Wantirna South,Insportz Knox,108 Lewis Road,VIC,3152,2021-05-20,20/05/2021,6:30pm - 8:30pm,Case attended venue,2021-05-26,26/05/2021,10:31 pm,Tier 1 - Get tested immediately and quarantine for 14 days from exposure,Anyone who has visited this location during these times must get tested immediately and quarantine for 14 days from the exposure.,18:30:00,20:30:00
Mill Park,"Degani, Westfield Plenty Valley",415 Mcdonalds Road,VIC,3082,2021-05-23,23/05/2021,11:30am - 2:00pm,Case attended venue,2021-05-26,26/05/2021,11:08 pm,Tier 1 - Get tested immediately and quarantine for 14 days from exposure,Anyone who has visited this location during these times must get tested immediately and quarantine for 14 days from the exposure.,11:30:00,14:00:00
Doncaster,Betty's Burgers & Concrete Co. (Westfield Doncaster) ,"Tenancy R1 & R2, Level 2, 619 Doncaster Road",VIC,3108,2021-05-23,23/05/2021,7:40pm - 9:30pm,Case attended venue,2021-05-27,27/05/2021,12:20 pm,Tier 1 - Get tested immediately and quarantine for 14 days from exposure,Anyone who has visited this location during these times must get tested immediately and quarantine for 14 days from the exposure.,19:40:00,21:30:00
Lalor,Everfresh Fruit Market,346 Station Street,VIC,3075,2021-05-14,14/05/2021,11:30am - 12:30pm,Case attended venue,2021-05-27,27/05/2021,12:20 pm,Tier 2 - Get tested urgently and isolate until you have a negative result,"Anyone who has visited this location during these times is strongly encouraged to urgently get a test and isolate until they receive a negative result.
",11:30:00,12:30:00
Lalor,Fruits of Lalor,328 Station Street,VIC,3075,2021-05-14,14/05/2021,11:30am - 12:30pm,Case attended venue,2021-05-27,27/05/2021,12:20 pm,Tier 2 - Get tested urgently and isolate until you have a negative result,"Anyone who has visited this location during these times is strongly encouraged to urgently get a test and isolate until they receive a negative result.
",11:30:00,12:30:00
Lalor,No. 1 Fruit Market,37 May Road,VIC,3075,2021-05-14,14/05/2021,11:30am - 12:30pm,Case attended venue,2021-05-27,27/05/2021,12:20 pm,Tier 2 - Get tested urgently and isolate until you have a negative result,"Anyone who has visited this location during these times is strongly encouraged to urgently get a test and isolate until they receive a negative result.
",11:30:00,12:30:00
Coburg,Pentridge Cinema Coburg (Palace Cinema),1 Champ Street,VIC,3058,2021-05-24,24/05/2021,6:45pm - 9:30pm,Case attended venue. Tier 2 advice applies for patrons who attended the cinema at this time but who did not attend the 7pm screening of 'Those Who Wish Me Dead'.,2021-05-27,27/05/2021,3:30 pm,Tier 2 - Get tested urgently and isolate until you have a negative result,"Anyone who has visited this location during these times is strongly encouraged to urgently get a test and isolate until they receive a negative result.
",18:45:00,21:30:00
Tullamarine ,BP Tullamarine ,Corner of Airport Drive and Link Road ,VIC,3045,2021-05-24,24/05/2021,10:30am - 11:30am,"Case attended venue twice on the same day, refer to other listing",2021-05-27,27/05/2021,3:30 pm,Tier 2 - Get tested urgently and isolate until you have a negative result,"Anyone who has visited this location during these times is strongly encouraged to urgently get a test and isolate until they receive a negative result.
",10:30:00,11:30:00
Tullamarine ,BP Tullamarine ,Corner of Airport Drive and Link Road ,VIC,3045,2021-05-24,24/05/2021,4:30pm - 5:30pm,"Case attended venue twice on the same day, refer to other listing",2021-05-27,27/05/2021,3:30 pm,Tier 2 - Get tested urgently and isolate until you have a negative result,"Anyone who has visited this location during these times is strongly encouraged to urgently get a test and isolate until they receive a negative result.
",16:30:00,17:30:00
Bundoora,Bung Pai Thai Massage Bundoora,11/1320 Plenty Road,VIC,3083,2021-05-24,24/05/2021,4:15pm - 6:15pm,Case attended venue,2021-05-27,27/05/2021,3:30 pm,Tier 1 - Get tested immediately and quarantine for 14 days from exposure,Anyone who has visited this location during these times must get tested immediately and quarantine for 14 days from the exposure.,16:15:00,18:15:00
Yarraville,Focus Health & Fitness,121-123 Hyde Street,VIC,3013,2021-05-24,24/05/2021,6:30am - 7:30am,Case attended venue,2021-05-27,27/05/2021,3:30 pm,Tier 1 - Get tested immediately and quarantine for 14 days from exposure,Anyone who has visited this location during these times must get tested immediately and quarantine for 14 days from the exposure.,06:30:00,07:30:00
Carlton,Green Man's Arms,418 Lygon Sreet,VIC,3053,2021-05-23,23/05/2021,1:20pm - 2:15pm,Case dined at venue,2021-05-27,27/05/2021,3:30 pm,Tier 1 - Get tested immediately and quarantine for 14 days from exposure,Anyone who has visited this location during these times must get tested immediately and quarantine for 14 days from the exposure.,13:20:00,14:15:00
Seddon,Caprice Hair & Beauty,101 Charles Street,VIC,3011,2021-05-22,22/05/2021,1:15pm - 1:40pm,Case attended venue,2021-05-27,27/05/2021,3:30 pm,Tier 1 - Get tested immediately and quarantine for 14 days from exposure,Anyone who has visited this location during these times must get tested immediately and quarantine for 14 days from the exposure.,13:15:00,13:40:00
South Melbourne,Anytime Fitness South Melbourne,63-69 Market Street,VIC,3205,2021-05-20,20/05/2021,6:15am - 7:15am,Case attended venue,2021-05-27,27/05/2021,3:30 pm,Tier 1 - Get tested immediately and quarantine for 14 days from exposure,Anyone who has visited this location during these times must get tested immediately and quarantine for 14 days from the exposure.,06:15:00,07:15:00
South Melbourne,Anytime Fitness South Melbourne,63-69 Market Street,VIC,3205,2021-05-21,21/05/2021,6:15am - 7:15am,Case attended venue,2021-05-27,27/05/2021,3:30 pm,Tier 1 - Get tested immediately and quarantine for 14 days from exposure,Anyone who has visited this location during these times must get tested immediately and quarantine for 14 days from the exposure.,06:15:00,07:15:00
South Melbourne,Anytime Fitness South Melbourne,63-69 Market Street,VIC,3205,2021-05-24,24/05/2021,6:15am - 7:15am,Case attended venue,2021-05-27,27/05/2021,3:30 pm,Tier 1 - Get tested immediately and quarantine for 14 days from exposure,Anyone who has visited this location during these times must get tested immediately and quarantine for 14 days from the exposure.,06:15:00,07:15:00
South Melbourne,Anytime Fitness South Melbourne,63-69 Market Street,VIC,3205,2021-05-25,25/05/2021,6:00am - 7:00am,Case attended venue,2021-05-27,27/05/2021,3:30 pm,Tier 1 - Get tested immediately and quarantine for 14 days from exposure,Anyone who has visited this location during these times must get tested immediately and quarantine for 14 days from the exposure.,06:00:00,07:00:00
Fitzroy,Peko Peko Fitzroy,199 Smith Street,VIC,3065,2021-05-22,22/05/2021,6:30pm - 7:45pm,Case dined at venue,2021-05-27,27/05/2021,3:30 pm,Tier 1 - Get tested immediately and quarantine for 14 days from exposure,Anyone who has visited this location during these times must get tested immediately and quarantine for 14 days from the exposure.,18:30:00,19:45:00
Aspendale Gardens,Chelsea Heights Hotel,Springvale Road & Wells Road,VIC,3196,2021-05-23,23/05/2021,12:10pm - 1:30pm,Case dined at venue,2021-05-27,27/05/2021,3:30 pm,Tier 1 - Get tested immediately and quarantine for 14 days from exposure,Anyone who has visited this location during these times must get tested immediately and quarantine for 14 days from the exposure.,12:10:00,13:30:00
Brunswick,OPSM Barkly Square,"Barkly Square Shopping Centre, 90-160 Sydney Rd",VIC,3056,2021-05-22,22/05/2021,3:45pm - 4:15pm,Case attended venue,2021-05-27,27/05/2021,3:30 pm,Tier 2 - Get tested urgently and isolate until you have a negative result,"Anyone who has visited this location during these times is strongly encouraged to urgently get a test and isolate until they receive a negative result.
",15:45:00,16:15:00
Cranbourne,LeNails Cranbourne,"Shop 101 Cranbourne Park Shopping Centre, High Street",VIC,3977,2021-05-22,22/05/2021,1:15pm - 2:15pm,Case attended venue,2021-05-27,27/05/2021,4:37 am,Tier 1 - Get tested immediately and quarantine for 14 days from exposure,Anyone who has visited this location during these times must get tested immediately and quarantine for 14 days from the exposure.,13:15:00,14:15:00
Coburg,Pentridge Cinema Coburg (Palace Cinema) - 7pm screening of 'Those Who Wish Me Dead',1 Champ Street,VIC,3058,2021-05-24,24/05/2021,6:45pm - 9:30pm,Case attended 7pm screening of 'Those Who Wish Me Dead'. Please see additional site for those that attended the cinema at the times of concern but who did not attend this screening.,2021-05-27,27/05/2021,3:38 pm,Tier 1 - Get tested immediately and quarantine for 14 days from exposure,Anyone who has visited this location during these times must get tested immediately and quarantine for 14 days from the exposure.,18:45:00,21:30:00
Moonee Ponds,Moonee Valley Football Club - Ormond Park Spectators at (Men's 3rds Match Moonee Valley VS Hillside Sharks),2A Pattison Steet,VIC,3039,2021-05-22,22/05/2021,12:00pm - 5:30pm,Case attended football game,2021-05-27,27/05/2021,7:02 pm,Tier 2 - Get tested urgently and isolate until you have a negative result,"Anyone who has visited this location during these times is strongly encouraged to urgently get a test and isolate until they receive a negative result.
",12:00:00,17:30:00
Moonee Ponds,Moonee Valley Football Club - Ormond Park Function Room/Bar,2A Pattison Steet,VIC,3039,2021-05-22,22/05/2021,4:00pm - 6:00pm,Case attended venue,2021-05-27,27/05/2021,7:02 pm,Tier 1 - Get tested immediately and quarantine for 14 days from exposure,Anyone who has visited this location during these times must get tested immediately and quarantine for 14 days from the exposure.,16:00:00,18:00:00
Moonee Ponds,Moonee Valley Football Club - Ormond Park (Male Change Rooms),2A Pattison Steet,VIC,3039,2021-05-22,22/05/2021,12:00pm - 4:00pm,"	
Case attended venue",2021-05-27,27/05/2021,7:02 pm,Tier 1 - Get tested immediately and quarantine for 14 days from exposure,Anyone who has visited this location during these times must get tested immediately and quarantine for 14 days from the exposure.,12:00:00,16:00:00
Port Melbourne,Hunky Dory Fish & Chips,3/181 Bay Street,VIC,3207,2021-05-21,21/05/2021,12:00pm - 2:00pm,Case attended venue,2021-05-27,27/05/2021,6:32 pm,Tier 1 - Get tested immediately and quarantine for 14 days from exposure,Anyone who has visited this location during these times must get tested immediately and quarantine for 14 days from the exposure.,12:00:00,14:00:00
Tullamarine ,7-Eleven Tullamarine (Carrick Drive),182 Melrose Drive,VIC,3043,2021-05-22,22/05/2021,11:50am - 11:55am,Case attended venue,2021-05-27,27/05/2021,7:05 pm,Tier 2 - Get tested urgently and isolate until you have a negative result,"Anyone who has visited this location during these times is strongly encouraged to urgently get a test and isolate until they receive a negative result.
",11:50:00,11:55:00
Craigieburn,The Coffee Club - Craigieburn Central,"Craigieburn Central, Shop B00, 15/350 Craigieburn Road",VIC,3064,2021-05-23,23/05/2021,10:00am - 11:30am,Case attended venue,2021-05-27,27/05/2021,7:12 pm,Tier 1 - Get tested immediately and quarantine for 14 days from exposure,Anyone who has visited this location during these times must get tested immediately and quarantine for 14 days from the exposure.,10:00:00,11:30:00
Mickleham,Botanical Display Homes (Botanical Display Village),23-25 Poppy Street,VIC,3063,2021-05-23,23/05/2021,11:15am - 1:00pm,Case attended venue,2021-05-27,27/05/2021,7:12 pm,Tier 1 - Get tested immediately and quarantine for 14 days from exposure,Anyone who has visited this location during these times must get tested immediately and quarantine for 14 days from the exposure.,11:15:00,13:00:00
Docklands,Network Public Bar,14/99 Spencer Street,VIC,3008,2021-05-23,23/05/2021,3:30pm - 5:00pm,Case attended venue,2021-05-27,27/05/2021,7:12 pm,Tier 1 - Get tested immediately and quarantine for 14 days from exposure,Anyone who has visited this location during these times must get tested immediately and quarantine for 14 days from the exposure.,15:30:00,17:00:00
Docklands,Hungry Jacks - Southern Cross Station,14/99 Spencer Street,VIC,3008,2021-05-23,23/05/2021,7:30pm - 7:40pm,Case attended venue,2021-05-27,27/05/2021,7:12 pm,Tier 3 - Monitor for symptoms,"Anyone who has visited this location during these times should monitor for symptoms - If symptoms develop, immediately get tested and isolate until you receive a negative result.",19:30:00,19:40:00
South Wharf,Roll'd DFO,"DFO South Wharf, 20 Convention Center Place",VIC,3006,,,12:15pm - 1:15pm,Case attended venue,2021-05-27,27/05/2021,7:12 pm,Tier 2 - Get tested urgently and isolate until you have a negative result,"Anyone who has visited this location during these times is strongly encouraged to urgently get a test and isolate until they receive a negative result.
",12:15:00,13:15:00
South Wharf,Boost Juice DFO,"DFO South Wharf, 20 Convention Center Place",VIC,3006,2021-05-24,24/05/2021,12:15pm - 1:15pm,Case attended venue,2021-05-27,27/05/2021,7:12 pm,Tier 2 - Get tested urgently and isolate until you have a negative result,"Anyone who has visited this location during these times is strongly encouraged to urgently get a test and isolate until they receive a negative result.
",12:15:00,13:15:00
South Wharf,DFO Food Court,"DFO South Wharf, 20 Convention Center Place",VIC,3006,2021-05-24,24/05/2021,12:15pm - 1:15pm,Case attended venue,2021-05-27,27/05/2021,7:12 pm,Tier 2 - Get tested urgently and isolate until you have a negative result,"Anyone who has visited this location during these times is strongly encouraged to urgently get a test and isolate until they receive a negative result.
",12:15:00,13:15:00
Docklands,"Southern Cross Station, Toilets Under Bourke Street Bridge",14/99 Spencer Street,VIC,3059,2021-05-23,23/05/2021,7:35pm - 8:15pm,Case attended venue,2021-05-27,27/05/2021,7:42 am,Tier 2 - Get tested urgently and isolate until you have a negative result,"Anyone who has visited this location during these times is strongly encouraged to urgently get a test and isolate until they receive a negative result.
",19:35:00,20:15:00
Greenvale,Chemist Warehouse,"Shop 4, 212 - 220 Greenvale Drive",VIC,3059,2021-05-25,25/05/2021,12:50pm - 1:30pm,Case attended venue,2021-05-27,27/05/2021,7:42 am,Tier 2 - Get tested urgently and isolate until you have a negative result,"Anyone who has visited this location during these times is strongly encouraged to urgently get a test and isolate until they receive a negative result.
",12:50:00,13:30:00
Greenvale,Barrymore Medical Centre,9 Barrymore Road,VIC,3059,2021-05-25,25/05/2021,12:25pm - 1:30pm,Case attended venue,2021-05-27,27/05/2021,9:20 pm,Tier 1 - Get tested immediately and quarantine for 14 days from exposure,Anyone who has visited this location during these times must get tested immediately and quarantine for 14 days from the exposure.,12:25:00,13:30:00
Carlton,"RMIT Campus, Building 57 (Edward Jackson Building)",53 Lygon Street,VIC,3053,2021-05-13,13/05/2021,8:00am - 4:00pm,Case attended venue,2021-05-27,27/05/2021,9:20 pm,Tier 3 - Monitor for symptoms,"Anyone who has visited this location during these times should monitor for symptoms - If symptoms develop, immediately get tested and isolate until you receive a negative result.",08:00:00,16:00:00
Hampton,Body Fit Training Hampton,Shop 4-6/498 Hampton Street,VIC,3188,2021-05-24,24/05/2021,5:35pm - 7:00pm,Case attended venue,2021-05-27,27/05/2021,9:37 pm,Tier 1 - Get tested immediately and quarantine for 14 days from exposure,Anyone who has visited this location during these times must get tested immediately and quarantine for 14 days from the exposure.,17:35:00,19:00:00
Hampton,Body Fit Training Hampton,Shop 4-6/498 Hampton Street,VIC,3188,2021-05-25,25/05/2021,5:21pm - 7:00pm,Case attended venue,2021-05-27,27/05/2021,9:37 pm,Tier 1 - Get tested immediately and quarantine for 14 days from exposure,Anyone who has visited this location during these times must get tested immediately and quarantine for 14 days from the exposure.,17:21:00,19:00:00
Reservoir,Edwardes Lake Playground,Edwardes Lake,VIC,3073,2021-05-23,23/05/2021,5:15pm - 6:00pm,Case attended venue,2021-05-28,28/05/2021,11:06 am,Tier 2 - Get tested urgently and isolate until you have a negative result,"Anyone who has visited this location during these times is strongly encouraged to urgently get a test and isolate until they receive a negative result.
",17:15:00,18:00:00
South Melbourne,Miss China Noodle Bar (within Clarendon Centre),Shop G08/261 Clarendon Street,VIC,3205,2021-05-25,25/05/2021,12:40pm - 1:40pm,Case attended venue,2021-05-28,28/05/2021,11:06 am,Tier 1 - Get tested immediately and quarantine for 14 days from exposure,Anyone who has visited this location during these times must get tested immediately and quarantine for 14 days from the exposure.,12:40:00,13:40:00
South Melbourne,Telstra Shop,Shop G01/265 Clarendon Street,VIC,3205,2021-05-24,24/05/2021,9:15am - 5:30pm,Case worked at venue,2021-05-28,28/05/2021,11:06 am,Tier 1 - Get tested immediately and quarantine for 14 days from exposure,Anyone who has visited this location during these times must get tested immediately and quarantine for 14 days from the exposure.,09:15:00,17:30:00
South Melbourne,Telstra Shop,Shop G01/265 Clarendon Street,VIC,3205,2021-05-25,25/05/2021,9:15am - 5:30pm,Case worked at venue,2021-05-28,28/05/2021,11:06 am,Tier 1 - Get tested immediately and quarantine for 14 days from exposure,Anyone who has visited this location during these times must get tested immediately and quarantine for 14 days from the exposure.,09:15:00,17:30:00
South Melbourne,Hunky Dory Fish & Chips,252 Clarendon Street,VIC,3205,2021-05-24,24/05/2021,1:00pm - 2:00pm,Case attended venue,2021-05-28,28/05/2021,11:06 am,Tier 1 - Get tested immediately and quarantine for 14 days from exposure,Anyone who has visited this location during these times must get tested immediately and quarantine for 14 days from the exposure.,13:00:00,14:00:00
Thomastown,7-Eleven Thomastown North,Cnr Edgars Road & Main Street,VIC,3074,2021-05-23,23/05/2021,5:45pm - 6:15pm,Case attended venue,2021-05-28,28/05/2021,11:06 am,Tier 1 - Get tested immediately and quarantine for 14 days from exposure,Anyone who has visited this location during these times must get tested immediately and quarantine for 14 days from the exposure.,17:45:00,18:15:00
Preston,Preston City Hall,284 Gower Street,VIC,3071,2021-05-22,22/05/2021,9:30am - 11:00am,Case attended venue for flu vaccine,2021-05-28,28/05/2021,12:39 pm,Tier 1 - Get tested immediately and quarantine for 14 days from exposure,Anyone who has visited this location during these times must get tested immediately and quarantine for 14 days from the exposure.,09:30:00,11:00:00
Brunswick East,Dan Murphy's Brunswick East,"513 Lygon St, Brunswick East ",VIC,3057,2021-05-22,22/05/2021,2:30pm - 3:00pm,Case attended venue,2021-05-28,28/05/2021,3:08 pm,Tier 2 - Get tested urgently and isolate until you have a negative result,"Anyone who has visited this location during these times is strongly encouraged to urgently get a test and isolate until they receive a negative result.
",14:30:00,15:00:00
Epping,The Grande Reception & Function Centre,6-8 Helm Court,VIC,3076,2021-05-22,22/05/2021,6:30pm - 11:45pm,Case attended venue,2021-05-28,28/05/2021,3:08 pm,Tier 1 - Get tested immediately and quarantine for 14 days from exposure,Anyone who has visited this location during these times must get tested immediately and quarantine for 14 days from the exposure.,18:30:00,23:45:00
South Melbourne,Clarendon Centre - Female public toilets,261 Clarendon Street,VIC,3205,2021-05-25,25/05/2021,9:15am - 6:45pm,Case attended venue,2021-05-28,28/05/2021,4:15 pm,Tier 1 - Get tested immediately and quarantine for 14 days from exposure,Anyone who has visited this location during these times must get tested immediately and quarantine for 14 days from the exposure.,09:15:00,18:45:00
South Melbourne,Clarendon Centre - Female public toilets,261 Clarendon Street,VIC,3205,2021-05-24,24/05/2021,9:15am - 6:15pm,Case attended venue,2021-05-28,28/05/2021,4:15 pm,Tier 1 - Get tested immediately and quarantine for 14 days from exposure,Anyone who has visited this location during these times must get tested immediately and quarantine for 14 days from the exposure.,09:15:00,18:15:00
Maribyrnong,JB Hi Fi,Shop 159-163 Rosamond Road,VIC,3032,2021-05-23,23/05/2021,12:05pm - 12:15pm,Case attended venue,2021-05-28,28/05/2021,4:15 pm,Tier 2 - Get tested urgently and isolate until you have a negative result,"Anyone who has visited this location during these times is strongly encouraged to urgently get a test and isolate until they receive a negative result.
",12:05:00,12:15:00
Maribyrnong,The Good Guys,2-6 Sloane Street,VIC,3032,2021-05-23,23/05/2021,12:20pm - 12:35pm,Case attended venue,2021-05-28,28/05/2021,4:15 pm,Tier 2 - Get tested urgently and isolate until you have a negative result,"Anyone who has visited this location during these times is strongly encouraged to urgently get a test and isolate until they receive a negative result.
",12:20:00,12:35:00
Yarraville,Coles Yarraville,Cnr Williamstown Road & High Street,VIC,3013,2021-05-23,23/05/2021,3:00pm - 3:30pm,Case attended venue,2021-05-28,28/05/2021,4:15 pm,Tier 2 - Get tested urgently and isolate until you have a negative result,"Anyone who has visited this location during these times is strongly encouraged to urgently get a test and isolate until they receive a negative result.
",15:00:00,15:30:00
Epping,Epping Spices & Nuts Grocery Store,6/1 Lyndarum Drive,VIC,3076,2021-05-22,22/05/2021,9:00am - 9:00pm,Case attended venue,2021-05-28,28/05/2021,4:15 pm,Tier 1 - Get tested immediately and quarantine for 14 days from exposure,Anyone who has visited this location during these times must get tested immediately and quarantine for 14 days from the exposure.,09:00:00,21:00:00
Epping,Epping Spices & Nuts Grocery Store,6/1 Lyndarum Drive,VIC,3076,2021-05-24,24/05/2021,9:00am - 9:00pm,Case attended venue,2021-05-28,28/05/2021,4:15 pm,Tier 1 - Get tested immediately and quarantine for 14 days from exposure,Anyone who has visited this location during these times must get tested immediately and quarantine for 14 days from the exposure.,09:00:00,21:00:00
Epping,Epping Spices & Nuts Grocery Store,6/1 Lyndarum Drive,VIC,3076,2021-05-25,25/05/2021,9:00am - 9:00pm,Case attended venue,2021-05-28,28/05/2021,4:15 pm,Tier 1 - Get tested immediately and quarantine for 14 days from exposure,Anyone who has visited this location during these times must get tested immediately and quarantine for 14 days from the exposure.,09:00:00,21:00:00
Epping,Epping Spices & Nuts Grocery Store,6/1 Lyndarum Drive,VIC,3076,2021-05-26,26/05/2021,9:00am - 9:00pm,Case attended venue,2021-05-28,28/05/2021,4:15 pm,Tier 1 - Get tested immediately and quarantine for 14 days from exposure,Anyone who has visited this location during these times must get tested immediately and quarantine for 14 days from the exposure.,09:00:00,21:00:00
Mill Park,"Star Car Wash 1, Westfield Plenty Valley",52/415 McDonalds Rd,VIC,3082,2021-05-22,22/05/2021,8:00am - 5:30pm,Case attended venue,2021-05-28,28/05/2021,4:15 pm,Tier 1 - Get tested immediately and quarantine for 14 days from exposure,Anyone who has visited this location during these times must get tested immediately and quarantine for 14 days from the exposure.,08:00:00,17:30:00
Mill Park,"Star Car Wash 1, Westfield Plenty Valley",52/415 McDonalds Rd,VIC,3082,2021-05-23,23/05/2021,8:00am - 5:30pm,Case attended venue,2021-05-28,28/05/2021,4:15 pm,Tier 1 - Get tested immediately and quarantine for 14 days from exposure,Anyone who has visited this location during these times must get tested immediately and quarantine for 14 days from the exposure.,08:00:00,17:30:00
Mill Park,"Star Car Wash 1, Westfield Plenty Valley",52/415 McDonalds Rd,VIC,3082,2021-05-25,25/05/2021,8:00am - 5:30pm,Case attended venue,2021-05-28,28/05/2021,4:15 pm,Tier 1 - Get tested immediately and quarantine for 14 days from exposure,Anyone who has visited this location during these times must get tested immediately and quarantine for 14 days from the exposure.,08:00:00,17:30:00
Mill Park,"Star Car Wash 1, Westfield Plenty Valley",52/415 McDonalds Rd,VIC,3082,2021-05-26,26/05/2021,8:00am - 5:30pm,Case attended venue,2021-05-28,28/05/2021,4:15 pm,Tier 1 - Get tested immediately and quarantine for 14 days from exposure,Anyone who has visited this location during these times must get tested immediately and quarantine for 14 days from the exposure.,08:00:00,17:30:00
Reservoir,Healthy India ,276 Broadway,VIC,3073,2021-05-27,27/05/2021,9:30am - 2:00pm,Case attended venue,2021-05-28,28/05/2021,4:15 pm,Tier 1 - Get tested immediately and quarantine for 14 days from exposure,Anyone who has visited this location during these times must get tested immediately and quarantine for 14 days from the exposure.,09:30:00,14:00:00
Reservoir,Vicfields Summerhill Shopping Centre,850 Plenty Road,VIC,3073,2021-05-18,18/05/2021,4:20pm - 5:30pm,Case attended venue,2021-05-28,28/05/2021,4:42 pm,Tier 1 - Get tested immediately and quarantine for 14 days from exposure,Anyone who has visited this location during these times must get tested immediately and quarantine for 14 days from the exposure.,16:20:00,17:30:00
Epping,Khalsa Sweets and Snacks,3 Annalise Avenue,VIC,3076,2021-05-18,18/05/2021,12:20pm - 1:10pm,Case attended venue,2021-05-28,28/05/2021,4:42 pm,Tier 1 - Get tested immediately and quarantine for 14 days from exposure,Anyone who has visited this location during these times must get tested immediately and quarantine for 14 days from the exposure.,12:20:00,13:10:00
Wollert,Erol's Fruit Shop,319 Harvest Home Road,VIC,3750,2021-05-18,18/05/2021,11:25am - 12:10pm,Case attended venue,2021-05-28,28/05/2021,4:42 pm,Tier 1 - Get tested immediately and quarantine for 14 days from exposure,Anyone who has visited this location during these times must get tested immediately and quarantine for 14 days from the exposure.,11:25:00,12:10:00
Wollert,Hamara Bazaar,315 Harvest Home Road,VIC,3750,2021-05-18,18/05/2021,10:30am - 11:30am,Case attended venue,2021-05-28,28/05/2021,4:42 pm,Tier 1 - Get tested immediately and quarantine for 14 days from exposure,Anyone who has visited this location during these times must get tested immediately and quarantine for 14 days from the exposure.,10:30:00,11:30:00
Craigieburn,Dosa Hut Craigieburn,Shop D1/420-440 Craigieburn Road,VIC,3064,2021-05-25,25/05/2021,5:45pm - 7:15pm,Case attended venue,2021-05-28,28/05/2021,4:48 pm,Tier 1 - Get tested immediately and quarantine for 14 days from exposure,Anyone who has visited this location during these times must get tested immediately and quarantine for 14 days from the exposure.,17:45:00,19:15:00
Epping,Indiagate Spices and Groceries ,"Unit 14C, 560-590 High Street",VIC,3076,2021-05-19,19/05/2021,9:45am - 10:30am,Case attended venue,2021-05-28,28/05/2021,4:48 pm,Tier 1 - Get tested immediately and quarantine for 14 days from exposure,Anyone who has visited this location during these times must get tested immediately and quarantine for 14 days from the exposure.,09:45:00,10:30:00
Carrum Downs,Sabrini Foods,77 Boundary Road,VIC,3201,2021-05-19,19/05/2021,2:00pm - 6:00pm,Case attended venue,2021-05-28,28/05/2021,4:58 pm,Tier 1 - Get tested immediately and quarantine for 14 days from exposure,Anyone who has visited this location during these times must get tested immediately and quarantine for 14 days from the exposure.,14:00:00,18:00:00
Dandenong,Spice Inn Groceries,4 16-46 Cleeland Street,VIC,3175,2021-05-19,19/05/2021,1:00pm - 1:40pm,Case attended venue,2021-05-28,28/05/2021,4:58 pm,Tier 1 - Get tested immediately and quarantine for 14 days from exposure,Anyone who has visited this location during these times must get tested immediately and quarantine for 14 days from the exposure.,13:00:00,13:40:00
Dandenong,Bestway Supermarket,200-208 Lonsdale Street,VIC,3175,2021-05-19,19/05/2021,12:15pm - 1:15pm,Case attended venue,2021-05-28,28/05/2021,4:58 pm,Tier 1 - Get tested immediately and quarantine for 14 days from exposure,Anyone who has visited this location during these times must get tested immediately and quarantine for 14 days from the exposure.,12:15:00,13:15:00
Dandenong,Bestway Supermarket,21-23 Cleeland Street,VIC,3175,2021-05-19,19/05/2021,1:00pm - 1:40pm,Case attended venue,2021-05-28,28/05/2021,4:58 pm,Tier 1 - Get tested immediately and quarantine for 14 days from exposure,Anyone who has visited this location during these times must get tested immediately and quarantine for 14 days from the exposure.,13:00:00,13:40:00
Dandenong,Marmara Halal Meats,141- 145 Lonsdale Street,VIC,3175,2021-05-19,19/05/2021,11:35am - 12:25pm,Case attended venue,2021-05-28,28/05/2021,5:25 pm,Tier 1 - Get tested immediately and quarantine for 14 days from exposure,Anyone who has visited this location during these times must get tested immediately and quarantine for 14 days from the exposure.,11:35:00,12:25:00
Bundoora,"La Trobe University, Library Level 1",Plenty Road & Kingsbury Drive,VIC,3086,2021-05-25,25/05/2021,11:45am - 2:30pm,Case attended venue,2021-05-29,29/05/2021,12:02 pm,Tier 1 - Get tested immediately and quarantine for 14 days from exposure,Anyone who has visited this location during these times must get tested immediately and quarantine for 14 days from the exposure.,11:45:00,14:30:00
Glen Iris,Coles Tooronga Village,Tooronga Road,VIC,3146,2021-05-23,23/05/2021,4:00pm - 4:30pm,Case attended venue,2021-05-29,29/05/2021,12:30 pm,Tier 2 - Get tested urgently and isolate until you have a negative result,"Anyone who has visited this location during these times is strongly encouraged to urgently get a test and isolate until they receive a negative result.
",16:00:00,16:30:00
Fingal,Peninsula Hot Springs (Bathhouse Reception Only),140 Springs Lane,VIC,3939,2021-05-21,21/05/2021,3:00pm - 3:45pm,Case attended reception area only,2021-05-29,29/05/2021,1:56 pm,Tier 1 - Get tested immediately and quarantine for 14 days from exposure,Anyone who has visited this location during these times must get tested immediately and quarantine for 14 days from the exposure.,15:00:00,15:45:00
Craigieburn,Edu-Kingdom College,67A Hamilton Street,VIC,3064,2021-05-22,22/05/2021,1:20pm - 5:00pm,Case attended venue,2021-05-29,29/05/2021,1:59 pm,Tier 1 - Get tested immediately and quarantine for 14 days from exposure,Anyone who has visited this location during these times must get tested immediately and quarantine for 14 days from the exposure.,13:20:00,17:00:00
South Yarra,Taco Bell Chapel Street,352 Chapel Street,VIC,3141,2021-05-23,23/05/2021,5:30pm - 6:45pm,Case attended venue,2021-05-29,29/05/2021,2:08 pm,Tier 1 - Get tested immediately and quarantine for 14 days from exposure,Anyone who has visited this location during these times must get tested immediately and quarantine for 14 days from the exposure.,17:30:00,18:45:00
Epping,"Pacific Epping Plaza - Cotton On, Edge, Valleygirl, Supre and Boost Juice",571 - 583 High Street,VIC,3076,2021-05-25,25/05/2021,10:05am - 11:45am,Case walked around venue and attended multiple shops,2021-05-29,29/05/2021,4:26 pm,Tier 2 - Get tested urgently and isolate until you have a negative result,"Anyone who has visited this location during these times is strongly encouraged to urgently get a test and isolate until they receive a negative result.
",10:05:00,11:45:00
Epping,Pacific Epping Plaza,571 - 583 High Street,VIC,3076,2021-05-25,25/05/2021,10:05am - 11:45am,Case attended venue,2021-05-29,29/05/2021,4:26 pm,Tier 3 - Monitor for symptoms,"Anyone who has visited this location during these times should monitor for symptoms - If symptoms develop, immediately get tested and isolate until you receive a negative result.",10:05:00,11:45:00
Thomastown,Supa IGA Thomastown,122 Main Street,VIC,3074,2021-05-24,24/05/2021,11:10am - 11:50am,Case attended venue,2021-05-29,29/05/2021,4:26 pm,Tier 2 - Get tested urgently and isolate until you have a negative result,"Anyone who has visited this location during these times is strongly encouraged to urgently get a test and isolate until they receive a negative result.
",11:10:00,11:50:00
Mickleham,Chemist Warehouse Mickleham,250 - 270 Donnybrook Road,VIC,3064,2021-05-22,22/05/2021,1:45pm - 2:45pm,Case attended venue,2021-05-29,29/05/2021,4:26 pm,Tier 2 - Get tested urgently and isolate until you have a negative result,"Anyone who has visited this location during these times is strongly encouraged to urgently get a test and isolate until they receive a negative result.
",13:45:00,14:45:00
Braeside,Shell Coles Express Braeside,918 - 928 Springvale Road Cnr Governor Road,VIC,3064,2021-05-22,22/05/2021,8:15am - 9:00am,Case attended venue,2021-05-29,29/05/2021,4:26 pm,Tier 2 - Get tested urgently and isolate until you have a negative result,"Anyone who has visited this location during these times is strongly encouraged to urgently get a test and isolate until they receive a negative result.
",08:15:00,09:00:00
Mernda,Caltex Mernda,1631W Plenty Road,VIC,3074,2021-05-25,25/05/2021,11:30am - 12:10pm,Case attended venue,2021-05-29,29/05/2021,7:40 pm,Tier 2 - Get tested urgently and isolate until you have a negative result,"Anyone who has visited this location during these times is strongly encouraged to urgently get a test and isolate until they receive a negative result.
",11:30:00,12:10:00
Thomastown,7-Eleven Thomastown North,Cnr Edgars Road and Main Street,VIC,3074,2021-05-24,24/05/2021,11:00am - 11:45am,Case attended venue,2021-05-29,29/05/2021,7:40 pm,Tier 2 - Get tested urgently and isolate until you have a negative result,"Anyone who has visited this location during these times is strongly encouraged to urgently get a test and isolate until they receive a negative result.
",11:00:00,11:45:00
Bundoora,"La Trobe University, Library All Levels (Except level 1)",Plenty Road & Kingsbury Drive,VIC,3086,2021-05-25,25/05/2021,11:45am - 2:30pm,Case attended venue,2021-05-29,29/05/2021,7:40 pm,Tier 2 - Get tested urgently and isolate until you have a negative result,"Anyone who has visited this location during these times is strongly encouraged to urgently get a test and isolate until they receive a negative result.
",11:45:00,14:30:00
South Yarra,Forvic Asian Supermarket,251 Malvern Road,VIC,3141,2021-05-23,23/05/2021,5:00pm - 6:00pm,Case shopped at store,2021-05-29,29/05/2021,9:00 pm,Tier 2 - Get tested urgently and isolate until you have a negative result,"Anyone who has visited this location during these times is strongly encouraged to urgently get a test and isolate until they receive a negative result.
",17:00:00,18:00:00
St Kilda,Woolworths, 64 Fitzroy Street,VIC,3182,2021-05-27,27/05/2021,3:00pm - 3:30pm,Case shopped at store,2021-05-29,29/05/2021,9:40 pm,Tier 2 - Get tested urgently and isolate until you have a negative result,"Anyone who has visited this location during these times is strongly encouraged to urgently get a test and isolate until they receive a negative result.
",15:00:00,15:30:00
St Kilda,McDonalds St Kilda,32 The Esplanade,VIC,3182,2021-05-27,27/05/2021,4:10pm - 4:40pm,Case picked up take away,2021-05-29,29/05/2021,9:40 pm,Tier 3 - Monitor for symptoms,"Anyone who has visited this location during these times should monitor for symptoms - If symptoms develop, immediately get tested and isolate until you receive a negative result.",16:10:00,16:40:00
St Kilda,St Kilda,70A Acland Street,VIC,3182,2021-05-27,27/05/2021,4:20pm - 4:50pm,Case picked up take away,2021-05-29,29/05/2021,9:40 pm,Tier 3 - Monitor for symptoms,"Anyone who has visited this location during these times should monitor for symptoms - If symptoms develop, immediately get tested and isolate until you receive a negative result.",16:20:00,16:50:00
St Kilda,Woolworths,117 Acland Street,VIC,3182,2021-05-28,28/05/2021,5:00pm - 5:30pm,Case shopped in store,2021-05-29,29/05/2021,9:40 pm,Tier 2 - Get tested urgently and isolate until you have a negative result,"Anyone who has visited this location during these times is strongly encouraged to urgently get a test and isolate until they receive a negative result.
",17:00:00,17:30:00
Chadstone,Chadstone Shopping Centre,1341 Dandenong Road,VIC,3148,2021-05-26,26/05/2021,11:30am - 2:00pm,Case walked around venue,2021-05-29,29/05/2021,8:26 pm,Tier 2 - Get tested urgently and isolate until you have a negative result,"Anyone who has visited this location during these times is strongly encouraged to urgently get a test and isolate until they receive a negative result.
",11:30:00,14:00:00
Chadstone,Yokozuna - Chadstone Shopping Centre,1341 Dandenong Road,VIC,3148,2021-05-26,26/05/2021,11:30am - 12:00pm,Case dined at venue,2021-05-29,29/05/2021,8:26 pm,Tier 1 - Get tested immediately and quarantine for 14 days from exposure,Anyone who has visited this location during these times must get tested immediately and quarantine for 14 days from the exposure.,11:30:00,12:00:00
Chadstone,Optus - Chadstone Shopping Centre,"Shop B311, 1341 Dandenong Road",VIC,3148,2021-05-26,26/05/2021,12:00pm - 12:40pm,Case shopped in store,2021-05-29,29/05/2021,8:26 pm,Tier 2 - Get tested urgently and isolate until you have a negative result,"Anyone who has visited this location during these times is strongly encouraged to urgently get a test and isolate until they receive a negative result.
",12:00:00,12:40:00
Chadstone,Bakers Delight - Chadstone Shopping Centre,247C/ 1341 Dandenong Road,VIC,3148,2021-05-26,26/05/2021,12:40pm - 12:45pm,Case shopped in store,2021-05-29,29/05/2021,11:08 pm,Tier 2 - Get tested urgently and isolate until you have a negative result,"Anyone who has visited this location during these times is strongly encouraged to urgently get a test and isolate until they receive a negative result.
",12:40:00,12:45:00
Chadstone,Woolworths - Chadstone Shopping Centre,1341 Dandenong Road,VIC,3148,2021-05-26,26/05/2021,12:50pm - 1:30pm,Case shopped in store,2021-05-29,29/05/2021,11:02 pm,Tier 2 - Get tested urgently and isolate until you have a negative result,"Anyone who has visited this location during these times is strongly encouraged to urgently get a test and isolate until they receive a negative result.
",12:50:00,13:30:00
Arthurs Seat,Enchanted Adventure Garden,55 Purves Road,VIC,3936,2021-05-21,21/05/2021,11:25am - 3:00pm,Case attended,2021-05-30,30/05/2021,8:59 am,Tier 1 - Get tested immediately and quarantine for 14 days from exposure,Anyone who has visited this location during these times must get tested immediately and quarantine for 14 days from the exposure.,11:25:00,15:00:00
Kakallo,Metricon Homes Kalkallo- Cloverton Display Homes,24 Design Way,VIC,3064,2021-05-26,26/05/2021,2:25pm - 5:28pm,Case attended,2021-05-30,30/05/2021,9:05 am,Tier 1 - Get tested immediately and quarantine for 14 days from exposure,Anyone who has visited this location during these times must get tested immediately and quarantine for 14 days from the exposure.,14:25:00,17:28:00
Epping,Kmart Epping,"Epping
Plaza Shopping Center. Cnr High & Cooper Street",VIC,3076,2021-05-16,16/05/2021,2:15pm - 3:05pm,Case attended venue,2021-05-30,30/05/2021,1:11 pm,Tier 2 - Get tested urgently and isolate until you have a negative result,"Anyone who has visited this location during these times is strongly encouraged to urgently get a test and isolate until they receive a negative result.
",14:15:00,15:05:00
Epping,Kmart Epping,"Epping
Plaza Shopping Center. Cnr High & Cooper Street",VIC,3076,2021-05-22,22/05/2021,4:40pm - 5:30pm,Case attended venue,2021-05-30,30/05/2021,1:11 pm,Tier 2 - Get tested urgently and isolate until you have a negative result,"Anyone who has visited this location during these times is strongly encouraged to urgently get a test and isolate until they receive a negative result.
",16:40:00,17:30:00
Epping,Kmart Epping,"Epping
Plaza Shopping Center. Cnr High & Cooper Street",VIC,3076,2021-05-26,26/05/2021,3:20pm - 4:10pm,Case attended venue,2021-05-30,30/05/2021,1:11 pm,Tier 2 - Get tested urgently and isolate until you have a negative result,"Anyone who has visited this location during these times is strongly encouraged to urgently get a test and isolate until they receive a negative result.
",15:20:00,16:10:00
Epping,Coles Epping Plaza,"Shop Q002, Epping Plaza, High Street",VIC,3076,2021-05-16,16/05/2021,1:30pm - 2:35pm,Case attended venue,2021-05-30,30/05/2021,1:11 pm,Tier 2 - Get tested urgently and isolate until you have a negative result,"Anyone who has visited this location during these times is strongly encouraged to urgently get a test and isolate until they receive a negative result.
",13:30:00,14:35:00
Epping,Coles Epping Plaza,"Shop Q002, Epping Plaza, High Street",VIC,3076,2021-05-24,24/05/2021,3:15pm - 4:00pm,Case attended venue,2021-05-30,30/05/2021,1:11 pm,Tier 2 - Get tested urgently and isolate until you have a negative result,"Anyone who has visited this location during these times is strongly encouraged to urgently get a test and isolate until they receive a negative result.
",15:15:00,16:00:00
Craigieburn,PTV Bus Number 525,"Highland
SC/Grand Bvd to Donnybrook Rd/Dwyer Street",VIC,3064,2021-05-19,19/05/2021,3:15pm - 4:45pm,From Highland SC/Grand Bvd to Donnybrook Rd/Dwyer Street,2021-05-30,30/05/2021,1:27 pm,Tier 1 - Get tested immediately and quarantine for 14 days from exposure,Anyone who has visited this location during these times must get tested immediately and quarantine for 14 days from the exposure.,15:15:00,16:45:00
Craigieburn,PTV Bus Number 525,"Highland
SC/Grand Bvd to Donnybrook Rd/Dwyer Street",VIC,3064,2021-05-25,25/05/2021,3:15pm - 4:45pm,From Highland SC/Grand Bvd to Donnybrook Rd/Dwyer Street,2021-05-30,30/05/2021,1:27 pm,Tier 1 - Get tested immediately and quarantine for 14 days from exposure,Anyone who has visited this location during these times must get tested immediately and quarantine for 14 days from the exposure.,15:15:00,16:45:00
Hawthorn,Short Straw,743B Glenferrie Road ,VIC,3122,2021-05-23,23/05/2021,10:50am - 2:20pm,Case attended,2021-05-30,30/05/2021,1:27 pm,Tier 1 - Get tested immediately and quarantine for 14 days from exposure,Anyone who has visited this location during these times must get tested immediately and quarantine for 14 days from the exposure.,10:50:00,14:20:00
Bundoora,Agora IGA Express (La Trobe University),"La Trobe University, Melbourne Campus, Shop 1 Agora East, Bundoora VIC 3083",VIC,3083,2021-05-25,25/05/2021,11:20am - 12:15pm,Case attended,2021-05-30,30/05/2021,1:56 am,Tier 1 - Get tested immediately and quarantine for 14 days from exposure,Anyone who has visited this location during these times must get tested immediately and quarantine for 14 days from the exposure.,11:20:00,12:15:00
Bundoora,Uni Hill Town Centre,5 Janefield Drive,VIC,3083,2021-05-25,25/05/2021,2:47pm - 4:07pm,Case attended,2021-05-30,30/05/2021,2:17 pm,Tier 1 - Get tested immediately and quarantine for 14 days from exposure,Anyone who has visited this location during these times must get tested immediately and quarantine for 14 days from the exposure.,14:47:00,16:07:00
Epping,Coles Epping Plaza,"Shop Q002, Epping Plaza, High Street",VIC,3076,2021-05-19,19/05/2021,3:00pm - 3:48pm,Case attended,2021-05-30,30/05/2021,2:17 pm,Tier 1 - Get tested immediately and quarantine for 14 days from exposure,Anyone who has visited this location during these times must get tested immediately and quarantine for 14 days from the exposure.,15:00:00,15:48:00
Doreen,Laurimar Medical Centre,120 - 122 Painted Hills Road,VIC,3754,2021-05-25,25/05/2021,10:15am - 11:10am,Case attended,2021-05-30,30/05/2021,2:17 pm,Tier 2 - Get tested urgently and isolate until you have a negative result,"Anyone who has visited this location during these times is strongly encouraged to urgently get a test and isolate until they receive a negative result.
",10:15:00,11:10:00
Craigieburn,Ambarsari Dhaba,3/38 Craigieburn Road,VIC,3064,2021-05-26,26/05/2021,7:20pm - 8:00pm,Case collected take away,2021-05-30,30/05/2021,2:17 pm,Tier 2 - Get tested urgently and isolate until you have a negative result,"Anyone who has visited this location during these times is strongly encouraged to urgently get a test and isolate until they receive a negative result.
",19:20:00,20:00:00
